Station,Date,Chla_mean
SRH,2014-01-01,3.4722105263157896
SRH,2014-01-02,3.5071875
SRH,2014-01-03,3.238279569892473
SRH,2014-01-04,3.296842105263158
SRH,2014-01-05,3.5557291666666666
SRH,2014-01-06,3.5347916666666666
SRH,2014-01-07,4.004842105263158
SRH,2014-01-08,3.879578947368421
SRH,2014-01-09,4.414270833333333
SRH,2014-01-10,4.613020833333334
SRH,2014-01-11,4.886021505376344
SRH,2014-01-12,4.830421052631579
SRH,2014-01-13,4.508854166666667
SRH,2014-01-14,4.201770833333334
SRH,2014-01-15,4.135104166666666
SRH,2014-01-16,4.268297872340425
SRH,2014-01-17,4.482916666666667
SRH,2014-01-18,4.964361702127659
SRH,2014-01-19,5.315578947368421
SRH,2014-01-20,5.7190625
SRH,2014-01-21,5.636276595744681
SRH,2014-01-22,5.625531914893617
SRH,2014-01-23,5.708645833333334
SRH,2014-01-24,5.5521875
SRH,2014-01-25,5.560736842105263
SRH,2014-01-26,5.846979166666666
SRH,2014-01-27,6.270833333333333
SRH,2014-01-28,7.536421052631579
SRH,2014-01-29,9.4690625
SRH,2014-01-30,8.429583333333333
SRH,2014-01-31,7.7430208333333335
SRH,2014-02-01,7.0060416666666665
SRH,2014-02-02,8.913854166666667
SRH,2014-02-03,8.885473684210526
SRH,2014-02-04,9.555833333333334
SRH,2014-02-05,9.874421052631579
SRH,2014-02-06,12.77578947368421
SRH,2014-02-07,13.97557894736842
SRH,2014-02-08,10.375212765957446
SRH,2014-02-09,8.258279569892473
SRH,2014-02-10,8.496774193548386
SRH,2014-02-11,7.795376344086021
SRH,2014-02-12,5.87
SRH,2014-02-13,5.588105263157895
SRH,2014-02-14,4.32875
SRH,2014-02-15,3.5205208333333333
SRH,2014-02-16,2.828333333333333
SRH,2014-02-17,2.7182105263157896
SRH,2014-02-18,2.760104166666667
SRH,2014-02-19,2.9615625
SRH,2014-02-20,3.391770833333333
SRH,2014-02-21,3.468958333333333
SRH,2014-02-22,3.41
SRH,2014-02-23,3.01625
SRH,2014-02-24,2.683854166666667
SRH,2014-02-25,2.897586206896552
SRH,2014-02-26,3.31875
SRH,2014-02-27,3.1666666666666665
SRH,2014-02-28,3.1671875
SRH,2014-03-01,3.820520833333333
SRH,2014-03-02,7.053125
SRH,2014-03-03,6.470421052631579
SRH,2014-03-04,4.097604166666667
SRH,2014-03-05,3.8176041666666665
SRH,2014-03-06,3.4604166666666667
SRH,2014-03-07,3.768854166666667
SRH,2014-03-08,3.5651041666666665
SRH,2014-03-09,2.945520833333333
SRH,2014-03-10,2.7456382978723406
SRH,2014-03-11,2.73875
SRH,2014-03-12,3.0194791666666667
SRH,2014-03-13,3.109375
SRH,2014-03-14,3.1871875
SRH,2014-03-15,2.8665625
SRH,2014-03-16,2.2852083333333333
SRH,2014-03-17,2.2540625
SRH,2014-03-18,3.0572631578947367
SRH,2014-03-19,3.6382291666666666
SRH,2014-03-20,3.2492708333333336
SRH,2014-03-21,3.1748958333333333
SRH,2014-03-22,3.5056382978723404
SRH,2014-03-23,4.664096385542169
SRH,2014-03-24,7.044736842105263
SRH,2014-03-25,9.021041666666667
SRH,2014-03-26,8.980421052631579
SRH,2014-03-27,8.267708333333333
SRH,2014-03-28,7.136770833333333
SRH,2014-03-29,6.677291666666667
SRH,2014-03-30,6.007765957446808
SRH,2014-03-31,5.366989247311828
SRH,2014-04-01,5.603548387096774
SRH,2014-04-02,5.262872340425532
SRH,2014-04-03,3.944375
SRH,2014-04-04,3.077395833333333
SRH,2014-04-05,2.6569791666666664
SRH,2014-04-06,2.676458333333333
SRH,2014-04-07,3.025157894736842
SRH,2014-04-08,3.650531914893617
SRH,2014-04-09,4.22625
SRH,2014-04-10,4.985625
SRH,2014-04-11,6.090208333333333
SRH,2014-04-12,7.4940625
SRH,2014-04-13,11.387291666666666
SRH,2014-04-14,14.729583333333334
SRH,2014-04-15,10.907849462365592
SRH,2014-04-16,7.91967032967033
SRH,2014-04-17,7.244301075268817
SRH,2014-04-18,6.711052631578948
SRH,2014-04-19,5.734421052631579
SRH,2014-04-20,5.120520833333333
SRH,2014-04-21,4.180729166666667
SRH,2014-04-22,3.724479166666667
SRH,2014-04-23,4.182083333333333
SRH,2014-04-24,4.7296875
SRH,2014-04-25,5.1340625
SRH,2014-04-26,4.085578947368421
SRH,2014-04-27,3.8813541666666667
SRH,2014-04-28,4.152395833333333
SRH,2014-04-29,4.186896551724138
SRH,2014-04-30,8.285471698113207
SRH,2014-05-01,7.975104166666667
SRH,2014-05-02,8.156489361702128
SRH,2014-05-03,7.799166666666666
SRH,2014-05-04,8.190104166666666
SRH,2014-05-05,7.500425531914893
SRH,2014-05-06,8.7309375
SRH,2014-05-07,8.715520833333333
SRH,2014-05-08,8.593645833333333
SRH,2014-05-09,7.488854166666667
SRH,2014-05-10,5.821979166666667
SRH,2014-05-11,4.6734375
SRH,2014-05-12,4.35
SRH,2014-05-13,4.321875
SRH,2014-05-14,4.220208333333334
SRH,2014-05-15,4.289166666666667
SRH,2014-05-16,3.5746875
SRH,2014-05-17,3.1269791666666666
SRH,2014-05-18,2.9111458333333333
SRH,2014-05-19,3.0261458333333335
SRH,2014-05-20,2.9702083333333333
SRH,2014-05-21,2.4547916666666665
SRH,2014-05-22,2.4964583333333334
SRH,2014-05-23,2.5408333333333335
SRH,2014-05-24,2.7129473684210526
SRH,2014-05-25,2.7642105263157895
SRH,2014-05-26,2.5086458333333335
SRH,2014-05-27,2.471875
SRH,2014-05-28,2.3960416666666666
SRH,2014-05-29,2.4454166666666666
SRH,2014-05-30,2.61375
SRH,2014-05-31,2.681979166666667
SRH,2014-06-01,2.4405208333333333
SRH,2014-06-02,2.3608333333333333
SRH,2014-06-03,2.2862765957446807
SRH,2014-06-04,1.8983333333333334
SRH,2014-06-05,1.7404166666666667
SRH,2014-06-06,1.5778125
SRH,2014-06-07,1.6703125
SRH,2014-06-08,1.773125
SRH,2014-06-09,1.999375
SRH,2014-06-10,1.8111458333333332
SRH,2014-06-11,1.8607368421052632
SRH,2014-06-12,1.7628125
SRH,2014-06-13,1.687578947368421
SRH,2014-06-14,1.6617021276595745
SRH,2014-06-15,1.6591489361702128
SRH,2014-06-16,1.570625
SRH,2014-06-17,1.6245833333333333
SRH,2014-06-18,1.6145833333333333
SRH,2014-06-19,1.5869791666666666
SRH,2014-06-20,1.4582105263157894
SRH,2014-06-21,1.3941666666666668
SRH,2014-06-22,1.6511458333333333
SRH,2014-06-23,1.6313541666666667
SRH,2014-06-24,1.4880208333333333
SRH,2014-06-25,1.4732291666666666
SRH,2014-06-26,1.4198958333333334
SRH,2014-06-27,1.391875
SRH,2014-06-28,1.3590625
SRH,2014-06-29,1.329468085106383
SRH,2014-06-30,1.3546315789473684
SRH,2014-07-01,1.3494791666666666
SRH,2014-07-02,1.2385416666666667
SRH,2014-07-03,1.0523958333333334
SRH,2014-07-04,1.0254166666666666
SRH,2014-07-05,1.0064130434782608
SRH,2014-07-06,0.969247311827957
SRH,2014-07-07,1.0116666666666667
SRH,2014-07-08,0.9055208333333333
SRH,2014-07-09,0.880625
SRH,2014-07-10,0.8741666666666666
SRH,2014-07-11,0.9242708333333334
SRH,2014-07-12,0.9069473684210526
SRH,2014-07-13,0.9154166666666667
SRH,2014-07-14,0.885
SRH,2014-07-15,0.8471875
SRH,2014-07-16,0.776875
SRH,2014-07-17,0.7745833333333333
SRH,2014-07-18,0.7352083333333334
SRH,2014-07-19,0.7237234042553191
SRH,2014-07-20,0.7288421052631578
SRH,2014-07-21,0.6021875
SRH,2014-07-22,0.5918947368421053
SRH,2014-07-23,0.5745263157894737
SRH,2014-07-24,0.6262105263157894
SRH,2014-07-25,0.6115957446808511
SRH,2014-07-26,0.6684375
SRH,2014-07-27,0.7941489361702128
SRH,2014-07-28,0.8554736842105263
SRH,2014-07-29,0.8561458333333334
SRH,2014-07-30,0.8855208333333333
SRH,2014-07-31,0.7632291666666666
SRH,2014-08-01,0.7525531914893617
SRH,2014-08-02,0.7890625
SRH,2014-08-03,0.8126881720430108
SRH,2014-08-04,0.7351063829787234
SRH,2014-08-05,0.8802127659574468
SRH,2014-08-06,1.0177894736842106
SRH,2014-08-07,0.9985416666666667
SRH,2014-08-08,0.9971875
SRH,2014-08-09,0.9547368421052632
SRH,2014-08-10,1.0803125
SRH,2014-08-11,1.1470526315789473
SRH,2014-08-12,1.130625
SRH,2014-08-13,1.163888888888889
SRH,2014-08-14,1.8893333333333333
SRH,2014-08-15,1.9294736842105262
SRH,2014-08-16,1.9806451612903226
SRH,2014-08-17,2.043010752688172
SRH,2014-08-18,2.161797752808989
SRH,2014-08-19,1.9125
SRH,2014-08-20,1.9
SRH,2014-08-21,2.0733333333333333
SRH,2014-08-22,1.9357894736842105
SRH,2014-08-23,1.8946236559139784
SRH,2014-08-24,2.12
SRH,2014-08-25,1.9988505747126437
SRH,2014-08-26,2.003125
SRH,2014-08-27,1.9333333333333333
SRH,2014-08-28,1.9936170212765958
SRH,2014-08-29,2.181318681318681
SRH,2014-08-30,2.1842696629213485
SRH,2014-08-31,2.098913043478261
SRH,2014-09-01,2.5794117647058825
SRH,2014-09-02,2.887012987012987
SRH,2014-09-03,2.358139534883721
SRH,2014-09-04,2.308108108108108
SRH,2014-09-05,2.313186813186813
SRH,2014-09-06,2.1011494252873564
SRH,2014-09-07,2.132
SRH,2014-09-08,1.9897727272727272
SRH,2014-09-09,2.061627906976744
SRH,2014-09-10,1.9978021978021978
SRH,2014-09-11,2.0373626373626372
SRH,2014-09-12,1.9455555555555555
SRH,2014-09-13,2.0588888888888888
SRH,2014-09-14,2.3054945054945053
SRH,2014-09-15,2.739130434782609
SRH,2014-09-16,2.620967741935484
SRH,2014-09-17,2.587613636363636
SRH,2014-09-18,2.5488541666666666
SRH,2014-09-19,1.8454444444444444
SRH,2014-09-20,1.0793684210526315
SRH,2014-09-21,1.069375
SRH,2014-09-22,0.9339583333333333
SRH,2014-09-23,1.0135416666666666
SRH,2014-09-24,0.9841666666666666
SRH,2014-09-25,0.8576344086021506
SRH,2014-09-26,0.8645833333333334
SRH,2014-09-27,0.7542105263157894
SRH,2014-09-28,0.8766666666666667
SRH,2014-09-29,0.9016666666666667
SRH,2014-09-30,0.8976595744680851
SRH,2014-10-01,1.2307291666666667
SRH,2014-10-02,1.5896875
SRH,2014-10-03,1.6840625
SRH,2014-10-04,2.3926315789473684
SRH,2014-10-05,2.4546875
SRH,2014-10-06,1.8629166666666666
SRH,2014-10-07,1.766875
SRH,2014-10-08,2.011263157894737
SRH,2014-10-09,2.1853125
SRH,2014-10-10,2.29875
SRH,2014-10-11,2.2805263157894737
SRH,2014-10-12,2.1440625
SRH,2014-10-13,2.2361702127659573
SRH,2014-10-14,2.2702105263157897
SRH,2014-10-15,2.283541666666667
SRH,2014-10-16,2.072736842105263
SRH,2014-10-17,1.9279166666666667
SRH,2014-10-18,1.7415625
SRH,2014-10-19,1.7022340425531914
SRH,2014-10-20,1.7502083333333334
SRH,2014-10-21,1.4477083333333334
SRH,2014-10-22,1.2775
SRH,2014-10-23,1.1990625
SRH,2014-10-24,1.3748958333333334
SRH,2014-10-25,1.4330208333333334
SRH,2014-10-26,1.3679166666666667
SRH,2014-10-27,1.2269791666666667
SRH,2014-10-28,1.1256989247311828
SRH,2014-10-29,1.0692708333333334
SRH,2014-10-30,1.1964893617021277
SRH,2014-10-31,1.0988541666666667
SRH,2014-11-01,1.0359375
SRH,2014-11-02,1.0366666666666666
SRH,2014-11-03,1.1882291666666667
SRH,2014-11-04,1.0735416666666666
SRH,2014-11-05,1.1268421052631579
SRH,2014-11-06,1.0842708333333333
SRH,2014-11-07,1.1243157894736842
SRH,2014-11-08,1.1589130434782609
SRH,2014-11-09,1.1297916666666667
SRH,2014-11-10,1.1162105263157895
SRH,2014-11-11,1.0913541666666666
SRH,2014-11-12,1.1037894736842104
SRH,2014-11-13,1.1606315789473685
SRH,2014-11-14,1.1767708333333333
SRH,2014-11-15,1.1980208333333333
SRH,2014-11-16,1.1579166666666667
SRH,2014-11-17,1.0920833333333333
SRH,2014-11-18,1.0759375
SRH,2014-11-19,1.08375
SRH,2014-11-20,1.0902127659574468
SRH,2014-11-21,1.1565625
SRH,2014-11-22,1.100625
SRH,2014-11-23,1.1172916666666666
SRH,2014-11-24,1.1063541666666667
SRH,2014-11-25,1.3631578947368421
SRH,2014-11-26,1.35625
SRH,2014-11-27,1.2838709677419355
SRH,2014-11-28,1.3
SRH,2014-11-29,1.5270833333333333
SRH,2014-11-30,1.6578947368421053
SRH,2014-12-01,1.5494736842105263
SRH,2014-12-02,1.5336842105263158
SRH,2014-12-03,1.6572916666666666
SRH,2014-12-04,2.419791666666667
SRH,2014-12-05,3.984375
SRH,2014-12-06,5.741666666666666
SRH,2014-12-07,7.296842105263158
SRH,2014-12-08,6.622105263157895
SRH,2014-12-09,4.7905263157894735
SRH,2014-12-10,5.39375
SRH,2014-12-11,5.070833333333333
SRH,2014-12-12,4.613684210526316
SRH,2014-12-13,7.355208333333334
SRH,2014-12-14,10.098958333333334
SRH,2014-12-15,8.81875
SRH,2014-12-16,7.09375
SRH,2014-12-17,5.810416666666667
SRH,2014-12-18,5.0875
SRH,2014-12-19,5.644791666666666
SRH,2014-12-20,5.5125
SRH,2014-12-21,4.878125
SRH,2014-12-22,5.494791666666667
SRH,2014-12-23,5.185416666666667
SRH,2014-12-24,4.598958333333333
SRH,2014-12-25,4.151041666666667
SRH,2014-12-26,3.752083333333333
SRH,2014-12-27,3.548958333333333
SRH,2014-12-28,3.365625
SRH,2014-12-29,3.26875
SRH,2014-12-30,3.216666666666667
SRH,2014-12-31,3.0404255319148934
SRH,2015-01-01,3.0208333333333335
SRH,2015-01-02,2.884375
SRH,2015-01-03,2.6927083333333335
SRH,2015-01-04,2.503125
SRH,2015-01-05,2.345833333333333
SRH,2015-01-06,2.196875
SRH,2015-01-07,2.0229166666666667
SRH,2015-01-08,1.9791666666666667
SRH,2015-01-09,1.9510416666666668
SRH,2015-01-10,1.8854166666666667
SRH,2015-01-11,1.7833333333333334
SRH,2015-01-12,1.9178947368421053
SRH,2015-01-13,2.125
SRH,2015-01-14,2.0833333333333335
SRH,2015-01-15,2.115625
SRH,2015-01-16,2.122916666666667
SRH,2015-01-17,2.0614583333333334
SRH,2015-01-18,2.1145833333333335
SRH,2015-01-19,2.059375
SRH,2015-01-20,2.1020833333333333
SRH,2015-01-21,2.0791666666666666
SRH,2015-01-22,2.13125
SRH,2015-01-23,2.0757894736842104
SRH,2015-01-24,2.1242105263157893
SRH,2015-01-25,2.185263157894737
SRH,2015-01-26,2.128125
SRH,2015-01-27,2.1378947368421053
SRH,2015-01-28,1.9854166666666666
SRH,2015-01-29,1.9895833333333333
SRH,2015-01-30,2.08125
SRH,2015-01-31,2.107291666666667
SRH,2015-02-01,2.13125
SRH,2015-02-02,2.196875
SRH,2015-02-03,2.1260416666666666
SRH,2015-02-04,2.154166666666667
SRH,2015-02-05,2.189583333333333
SRH,2015-02-06,2.2416666666666667
SRH,2015-02-07,2.58125
SRH,2015-02-08,3.3875
SRH,2015-02-09,7.3500000000000005
SRH,2015-02-10,12.141666666666667
SRH,2015-02-11,9.183333333333334
SRH,2015-02-12,7.245833333333334
SRH,2015-02-13,5.326041666666667
SRH,2015-02-14,6.072916666666667
SRH,2015-02-15,4.635416666666667
SRH,2015-02-16,4.440625
SRH,2015-02-17,3.8114583333333334
SRH,2015-02-18,3.4677083333333334
SRH,2015-02-19,2.696875
SRH,2015-02-20,2.21875
SRH,2015-02-21,2.0791666666666666
SRH,2015-02-22,2.225
SRH,2015-02-23,2.221875
SRH,2015-02-24,2.1375
SRH,2015-02-25,2.0625
SRH,2015-02-26,1.9947916666666667
SRH,2015-02-27,1.9510416666666668
SRH,2015-02-28,1.9447916666666667
SRH,2015-03-01,1.7520833333333334
SRH,2015-03-02,1.7239583333333333
SRH,2015-03-03,1.5739583333333333
SRH,2015-03-04,1.5621052631578947
SRH,2015-03-05,1.703125
SRH,2015-03-06,1.823157894736842
SRH,2015-03-07,2.102105263157895
SRH,2015-03-08,2.6494736842105264
SRH,2015-03-09,2.591578947368421
SRH,2015-03-10,2.043617021276596
SRH,2015-03-11,1.73125
SRH,2015-03-12,1.6104166666666666
SRH,2015-03-13,1.659375
SRH,2015-03-14,1.6958333333333333
SRH,2015-03-15,1.6894736842105262
SRH,2015-03-16,1.746875
SRH,2015-03-17,1.6708333333333334
SRH,2015-03-18,1.8
SRH,2015-03-19,1.778125
SRH,2015-03-20,1.8520833333333333
SRH,2015-03-21,1.878125
SRH,2015-03-22,1.7791666666666668
SRH,2015-03-23,1.6416666666666666
SRH,2015-03-24,1.5934782608695652
SRH,2015-03-25,1.44375
SRH,2015-03-26,1.23125
SRH,2015-03-27,1.2739583333333333
SRH,2015-03-28,1.415625
SRH,2015-03-29,1.43125
SRH,2015-03-30,1.5822916666666667
SRH,2015-03-31,1.5302083333333334
SRH,2015-04-01,2.2822916666666666
SRH,2015-04-02,1.9114583333333333
SRH,2015-04-03,2.1395833333333334
SRH,2015-04-04,1.8666666666666667
SRH,2015-04-05,2.722340425531915
SRH,2015-04-06,3.1322916666666667
SRH,2015-04-07,3.824468085106383
SRH,2015-04-08,3.8895833333333334
SRH,2015-04-09,3.9842105263157896
SRH,2015-04-10,3.653125
SRH,2015-04-11,3.736458333333333
SRH,2015-04-12,3.241052631578947
SRH,2015-04-13,3.24375
SRH,2015-04-14,2.80625
SRH,2015-04-15,2.345833333333333
SRH,2015-04-16,1.953125
SRH,2015-04-17,1.692391304347826
SRH,2015-04-18,1.346875
SRH,2015-04-19,1.1731182795698925
SRH,2015-04-20,1.0619565217391305
SRH,2015-04-21,1.504255319148936
SRH,2015-04-22,2.9208333333333334
SRH,2015-04-23,4.214583333333334
SRH,2015-04-24,2.497894736842105
SRH,2015-04-25,1.9354166666666666
SRH,2015-04-26,1.29375
SRH,2015-04-27,1.2458333333333333
SRH,2015-04-28,1.3294736842105264
SRH,2015-04-29,1.3414893617021277
SRH,2015-04-30,1.0717391304347825
SRH,2015-05-01,0.943010752688172
SRH,2015-05-02,0.9301075268817205
SRH,2015-05-03,0.9521739130434783
SRH,2015-05-04,1.4838709677419355
SRH,2015-05-05,1.5291666666666666
SRH,2015-05-06,1.3810526315789473
SRH,2015-05-07,1.2677083333333334
SRH,2015-05-08,1.2494736842105263
SRH,2015-05-09,1.3623655913978494
SRH,2015-05-10,1.268421052631579
SRH,2015-05-11,1.378125
SRH,2015-05-12,1.3520833333333333
SRH,2015-05-13,1.4106382978723404
SRH,2015-05-14,1.45
SRH,2015-05-15,1.35
SRH,2015-05-16,1.3229166666666667
SRH,2015-05-17,1.49
SRH,2015-05-18,1.3882978723404256
SRH,2015-05-19,1.6591397849462366
SRH,2015-05-20,1.30625
SRH,2015-05-21,1.4208333333333334
SRH,2015-05-22,1.3208333333333333
SRH,2015-05-23,1.4989583333333334
SRH,2015-05-24,1.3947916666666667
SRH,2015-05-25,1.4913978494623656
SRH,2015-05-26,1.420736842105263
SRH,2015-05-27,1.4115625
SRH,2015-05-28,1.5785416666666667
SRH,2015-05-29,1.5927083333333334
SRH,2015-05-30,1.653125
SRH,2015-05-31,1.7057291666666667
SRH,2015-06-01,1.6823958333333333
SRH,2015-06-02,1.7495833333333333
SRH,2015-06-03,1.6647916666666667
SRH,2015-06-04,1.490625
SRH,2015-06-05,1.4436458333333333
SRH,2015-06-06,1.4375
SRH,2015-06-07,1.4211458333333333
SRH,2015-06-08,1.4788541666666666
SRH,2015-06-09,1.7386458333333332
SRH,2015-06-10,1.6213684210526316
SRH,2015-06-11,1.4803125
SRH,2015-06-12,1.73625
SRH,2015-06-13,1.6347916666666666
SRH,2015-06-14,1.7980208333333334
SRH,2015-06-15,2.012395833333333
SRH,2015-06-16,2.0126041666666667
SRH,2015-06-17,1.8416842105263158
SRH,2015-06-18,1.65
SRH,2015-06-19,1.8122916666666666
SRH,2015-06-20,1.7203125
SRH,2015-06-21,1.7565625
SRH,2015-06-22,1.5246875
SRH,2015-06-23,1.2310416666666666
SRH,2015-06-24,1.2665625
SRH,2015-06-25,1.3286458333333333
SRH,2015-06-26,1.5857291666666666
SRH,2015-06-27,1.8308333333333333
SRH,2015-06-28,1.8539583333333334
SRH,2015-06-29,2.0090625
SRH,2015-06-30,1.9323958333333333
SRH,2015-07-01,1.6913541666666667
SRH,2015-07-02,1.2384375
SRH,2015-07-03,1.2563541666666667
SRH,2015-07-04,1.191875
SRH,2015-07-05,1.1769473684210525
SRH,2015-07-06,1.4630208333333334
SRH,2015-07-07,1.564375
SRH,2015-07-08,1.4744791666666668
SRH,2015-07-09,1.4318478260869565
SRH,2015-07-10,1.4701041666666668
SRH,2015-07-11,1.3541666666666667
SRH,2015-07-12,1.3426041666666666
SRH,2015-07-13,1.3109375
SRH,2015-07-14,1.5863541666666667
SRH,2015-07-15,2.299894736842105
SRH,2015-07-16,2.1389583333333335
SRH,2015-07-17,2.058421052631579
SRH,2015-07-18,1.08625
SRH,2015-07-19,1.1128723404255318
SRH,2015-07-20,1.1177083333333333
SRH,2015-07-21,1.160625
SRH,2015-07-22,1.1778125
SRH,2015-07-23,1.1384375
SRH,2015-07-24,1.1189583333333333
SRH,2015-07-25,1.2376041666666666
SRH,2015-07-26,1.6658333333333333
SRH,2015-07-27,2.2494791666666667
SRH,2015-07-28,3.019148936170213
SRH,2015-08-05,2.84625
SRH,2015-08-06,3.047547169811321
SRH,2015-08-07,1.1544444444444444
SRH,2015-08-08,1.4437179487179488
SRH,2015-08-09,1.3145
SRH,2015-08-10,1.459054054054054
SRH,2015-08-11,1.6302083333333333
SRH,2015-08-12,1.0652222222222223
SRH,2015-08-13,1.107802197802198
SRH,2015-08-14,1.4017708333333334
SRH,2015-08-15,2.0656382978723404
SRH,2015-08-16,1.6831578947368422
SRH,2015-08-17,1.9210227272727272
SRH,2015-08-18,1.8
SRH,2015-08-19,1.6691208791208791
SRH,2015-08-20,1.6841304347826087
SRH,2015-08-21,1.875
SRH,2015-08-22,2.602258064516129
SRH,2015-08-23,3.0452873563218392
SRH,2015-08-24,2.336736842105263
SRH,2015-08-25,1.97125
SRH,2015-08-26,1.964
SRH,2015-08-27,1.8738947368421053
SRH,2015-08-28,1.966421052631579
SRH,2015-08-29,1.9384375
SRH,2015-08-30,2.0332291666666666
SRH,2015-08-31,2.1138541666666666
SRH,2015-09-01,2.2182608695652175
SRH,2015-09-02,2.1667708333333335
SRH,2015-09-03,2.1325
SRH,2015-09-04,2.0265625
SRH,2015-09-05,2.0019791666666666
SRH,2015-09-06,2.114736842105263
SRH,2015-09-07,2.2254347826086955
SRH,2015-09-08,2.0809375
SRH,2015-09-09,1.9610416666666666
SRH,2015-09-10,1.8472631578947367
SRH,2015-09-11,1.9021875
SRH,2015-09-12,2.016421052631579
SRH,2015-09-13,2.0573684210526317
SRH,2015-09-14,2.05375
SRH,2015-09-15,1.8263541666666667
SRH,2015-09-16,1.7841666666666667
SRH,2015-09-17,1.6702150537634408
SRH,2015-09-18,1.4851063829787234
SRH,2015-09-19,1.413578947368421
SRH,2015-09-20,1.445625
SRH,2015-09-21,1.4794791666666667
SRH,2015-09-22,1.2152083333333332
SRH,2015-09-23,1.3275
SRH,2015-09-24,1.4275
SRH,2015-09-25,1.4832631578947368
SRH,2015-09-26,1.644468085106383
SRH,2015-09-27,1.6604166666666667
SRH,2015-09-28,1.7032291666666666
SRH,2015-09-29,1.6276041666666667
SRH,2015-09-30,1.6352083333333334
SRH,2015-10-01,1.5001052631578948
SRH,2015-10-02,1.4064583333333334
SRH,2015-10-03,1.3301041666666666
SRH,2015-10-04,1.298804347826087
SRH,2015-10-05,1.2789583333333334
SRH,2015-10-06,1.175625
SRH,2015-10-07,0.748125
SRH,2015-10-08,0.39458333333333334
SRH,2015-10-09,0.4184375
SRH,2015-10-10,0.39708333333333334
SRH,2015-10-11,0.41083333333333333
SRH,2015-10-12,0.41138297872340424
SRH,2015-10-13,0.39967391304347827
SRH,2015-10-14,0.37347368421052635
SRH,2015-10-15,0.414468085106383
SRH,2015-10-16,0.4335227272727273
SRH,2015-10-17,0.430625
SRH,2015-10-18,0.4097826086956522
SRH,2015-10-19,0.39585106382978724
SRH,2015-10-20,0.43536842105263157
SRH,2015-10-21,0.4650537634408602
SRH,2015-10-22,0.5203260869565217
SRH,2015-10-23,0.5345161290322581
SRH,2015-10-24,0.5636170212765957
SRH,2015-10-25,0.5051063829787235
SRH,2015-10-26,0.49021978021978024
SRH,2015-10-27,0.5653846153846154
SRH,2015-10-28,0.5409677419354839
SRH,2015-10-29,0.5144943820224719
SRH,2015-10-30,0.48773809523809525
SRH,2015-10-31,0.40483516483516485
SRH,2015-11-01,0.40977011494252874
SRH,2015-11-02,0.4121505376344086
SRH,2015-11-03,0.41095744680851065
SRH,2015-11-04,0.41880434782608694
SRH,2015-11-05,0.4403370786516854
SRH,2015-11-06,0.4128723404255319
SRH,2015-11-07,0.4049462365591398
SRH,2015-11-08,0.40021505376344085
SRH,2015-11-09,0.4274193548387097
SRH,2015-11-10,0.3676086956521739
SRH,2015-11-11,0.34913978494623654
SRH,2015-11-12,0.32153846153846155
SRH,2015-11-13,0.33053191489361705
SRH,2015-11-14,0.36333333333333334
SRH,2015-11-15,0.3456989247311828
SRH,2015-11-16,0.4129473684210526
SRH,2015-11-17,0.4332967032967033
SRH,2015-11-18,0.46555555555555556
SRH,2015-11-19,0.5395294117647059
SRH,2015-11-20,0.5327173913043478
SRH,2015-11-21,0.5713829787234043
SRH,2015-11-22,0.5836559139784946
SRH,2015-11-23,0.5973118279569892
SRH,2015-11-24,0.6539784946236559
SRH,2015-11-25,0.6872222222222222
SRH,2015-11-26,0.6352688172043011
SRH,2015-11-27,0.6734736842105263
SRH,2015-11-28,0.666063829787234
SRH,2015-11-29,0.6289473684210526
SRH,2015-11-30,0.6936170212765957
SRH,2015-12-01,0.7517894736842106
SRH,2015-12-02,0.9245833333333333
SRH,2015-12-03,1.0747916666666666
SRH,2015-12-04,0.9619791666666667
SRH,2015-12-05,1.3739999999999999
SRH,2015-12-06,1.0690625
SRH,2015-12-07,1.0523958333333334
SRH,2015-12-08,1.192127659574468
SRH,2015-12-09,1.2076923076923076
SRH,2015-12-10,1.1634375
SRH,2015-12-11,1.1538541666666666
SRH,2015-12-12,1.106063829787234
SRH,2015-12-13,1.1058947368421053
SRH,2015-12-14,1.4417021276595745
SRH,2015-12-15,1.4630588235294117
SRH,2015-12-16,1.1156842105263158
SRH,2015-12-17,1.238804347826087
SRH,2015-12-18,1.1042857142857143
SRH,2015-12-19,1.0632978723404256
SRH,2015-12-20,0.88
SRH,2015-12-21,0.9398958333333334
SRH,2015-12-22,0.9930208333333334
SRH,2015-12-23,1.949375
SRH,2015-12-24,2.03625
SRH,2015-12-25,2.324479166666667
SRH,2015-12-26,1.95375
SRH,2015-12-27,1.6865263157894737
SRH,2015-12-28,1.1871875
SRH,2015-12-29,1.0069791666666668
SRH,2015-12-30,0.9830208333333333
SRH,2015-12-31,1.0292708333333334
SRH,2016-01-01,0.8676041666666666
SRH,2016-01-02,1.0128125000000001
SRH,2016-01-03,1.1413541666666667
SRH,2016-01-04,1.1848958333333333
SRH,2016-01-05,1.0642105263157895
SRH,2016-01-06,1.2552083333333333
SRH,2016-01-07,2.1630208333333334
SRH,2016-01-08,3.6302083333333335
SRH,2016-01-09,4.036105263157895
SRH,2016-01-10,3.517894736842105
SRH,2016-01-11,4.033085106382979
SRH,2016-01-12,4.723510638297872
SRH,2016-01-13,3.8348958333333334
SRH,2016-01-14,4.422395833333334
SRH,2016-01-15,4.270104166666667
SRH,2016-01-16,4.460208333333333
SRH,2016-01-17,4.928020833333333
SRH,2016-01-18,5.2640625
SRH,2016-01-19,3.9335416666666667
SRH,2016-01-20,3.972395833333333
SRH,2016-01-21,4.069895833333334
SRH,2016-01-22,4.044731182795699
SRH,2016-01-23,3.7877083333333332
SRH,2016-01-24,3.440625
SRH,2016-01-25,3.1889583333333333
SRH,2016-01-26,2.9115625
SRH,2016-01-27,2.496354166666667
SRH,2016-01-28,2.209578947368421
SRH,2016-01-29,2.1119791666666665
SRH,2016-01-30,2.06125
SRH,2016-01-31,2.5678125
SRH,2016-02-01,2.1051041666666666
SRH,2016-02-02,2.6077083333333335
SRH,2016-02-03,2.081354166666667
SRH,2016-02-04,1.7570833333333333
SRH,2016-02-05,1.839375
SRH,2016-02-06,1.7944791666666666
SRH,2016-02-07,2.0180208333333334
SRH,2016-02-08,1.9852083333333332
SRH,2016-02-09,1.9922916666666666
SRH,2016-02-10,1.9419791666666666
SRH,2016-02-11,2.0439583333333333
SRH,2016-02-12,2.167291666666667
SRH,2016-02-13,2.1934375
SRH,2016-02-14,2.1589583333333335
SRH,2016-02-15,2.0947916666666666
SRH,2016-02-16,1.8604166666666666
SRH,2016-02-17,1.7124468085106384
SRH,2016-02-18,1.5610416666666667
SRH,2016-02-19,1.7196875
SRH,2016-02-20,1.9128125
SRH,2016-02-21,1.961875
SRH,2016-02-22,1.8667708333333333
SRH,2016-02-23,1.8697916666666667
SRH,2016-02-24,2.764479166666667
SRH,2016-02-25,2.048085106382979
SRH,2016-02-26,1.7994791666666667
SRH,2016-02-27,1.7315625
SRH,2016-02-28,1.578421052631579
SRH,2016-02-29,1.4715624999999999
SRH,2016-03-01,1.5271875
SRH,2016-03-02,1.760842105263158
SRH,2016-03-03,1.9748958333333333
SRH,2016-03-04,1.8465624999999999
SRH,2016-03-05,1.655578947368421
SRH,2016-03-06,2.089375
SRH,2016-03-07,4.777916666666667
SRH,2016-03-08,4.293333333333333
SRH,2016-03-09,3.8821875
SRH,2016-03-10,3.414270833333333
SRH,2016-03-11,2.909895833333333
SRH,2016-03-12,2.4297916666666666
SRH,2016-03-13,2.4044791666666665
SRH,2016-03-14,2.67625
SRH,2016-03-15,2.4169791666666667
SRH,2016-03-16,2.5151041666666667
SRH,2016-03-17,2.2395833333333335
SRH,2016-03-18,1.9138541666666666
SRH,2016-03-19,1.6807291666666666
SRH,2016-03-20,1.8646875
SRH,2016-03-21,2.493125
SRH,2016-03-22,3.0477083333333335
SRH,2016-03-23,3.193125
SRH,2016-03-24,3.5194791666666667
SRH,2016-03-25,3.6488541666666667
SRH,2016-03-26,3.5734375
SRH,2016-03-27,4.040416666666666
SRH,2016-03-28,4.461458333333334
SRH,2016-03-29,4.9409375
SRH,2016-03-30,5.26875
SRH,2016-03-31,6.232395833333333
SRH,2016-04-01,6.830416666666666
SRH,2016-04-02,5.386458333333334
SRH,2016-04-03,5.0609375
SRH,2016-04-04,4.49875
SRH,2016-04-05,4.2413541666666665
SRH,2016-04-06,4.491145833333333
SRH,2016-04-07,4.4428125
SRH,2016-04-08,4.134895833333333
SRH,2016-04-09,3.7682291666666665
SRH,2016-04-10,3.4066666666666667
SRH,2016-04-11,3.863125
SRH,2016-04-12,3.57375
SRH,2016-04-13,3.6873958333333334
SRH,2016-04-14,3.4872916666666667
SRH,2016-04-15,3.1910416666666666
SRH,2016-04-16,3.102708333333333
SRH,2016-04-17,3.119479166666667
SRH,2016-04-18,2.8019791666666665
SRH,2016-04-19,2.4713541666666665
SRH,2016-04-20,2.466875
SRH,2016-04-21,2.2105208333333333
SRH,2016-04-22,1.955
SRH,2016-04-23,1.9357291666666667
SRH,2016-04-24,2.1153125
SRH,2016-04-25,1.9817708333333333
SRH,2016-04-26,2.0707291666666667
SRH,2016-04-27,1.900625
SRH,2016-04-28,1.7336458333333333
SRH,2016-04-29,1.7882291666666668
SRH,2016-04-30,1.8560416666666666
SRH,2016-05-01,1.7741666666666667
SRH,2016-05-02,1.7671875
SRH,2016-05-03,1.7115625
SRH,2016-05-04,1.4188541666666667
SRH,2016-05-05,1.339375
SRH,2016-05-06,1.1760416666666667
SRH,2016-05-07,1.1963541666666666
SRH,2016-05-08,1.1192708333333334
SRH,2016-05-09,1.1186458333333333
SRH,2016-05-10,1.1917708333333332
SRH,2016-05-11,1.3051041666666667
SRH,2016-05-12,1.3178125
SRH,2016-05-13,1.1605208333333334
SRH,2016-05-14,1.0438541666666667
SRH,2016-05-15,1.12
SRH,2016-05-16,1.2213684210526317
SRH,2016-05-17,1.3042708333333333
SRH,2016-05-18,1.3486315789473684
SRH,2016-05-19,1.1795833333333334
SRH,2016-05-20,1.08625
SRH,2016-05-21,0.9980208333333334
SRH,2016-05-22,1.1153125
SRH,2016-05-23,1.3064583333333333
SRH,2016-05-24,1.4078125
SRH,2016-05-25,1.5784375
SRH,2016-05-26,1.6164583333333333
SRH,2016-05-27,1.4592708333333333
SRH,2016-05-28,1.3288541666666667
SRH,2016-05-29,1.3080208333333334
SRH,2016-05-30,1.3676041666666667
SRH,2016-05-31,1.2575
SRH,2016-06-01,1.1677083333333333
SRH,2016-06-02,1.2226041666666667
SRH,2016-06-03,1.2315625
SRH,2016-06-04,1.1903125
SRH,2016-06-05,1.2044791666666668
SRH,2016-06-06,1.2811458333333334
SRH,2016-06-07,1.2733333333333334
SRH,2016-06-08,1.2829166666666667
SRH,2016-06-09,1.6730208333333334
SRH,2016-06-10,1.8392708333333334
SRH,2016-06-11,1.9128125
SRH,2016-06-12,1.9060416666666666
SRH,2016-06-13,1.8863541666666666
SRH,2016-06-14,1.7973958333333333
SRH,2016-06-15,1.7589583333333334
SRH,2016-06-16,1.7685416666666667
SRH,2016-06-17,1.7991666666666666
SRH,2016-06-18,1.7527083333333333
SRH,2016-06-19,1.7696875
SRH,2016-06-20,1.68875
SRH,2016-06-21,1.6713541666666667
SRH,2016-06-22,1.8883333333333334
SRH,2016-06-23,1.8573958333333334
SRH,2016-06-24,1.8904166666666666
SRH,2016-06-25,1.9536458333333333
SRH,2016-06-26,1.8573958333333334
SRH,2016-06-27,1.8028125
SRH,2016-06-28,1.9834375
SRH,2016-06-29,1.7748421052631578
SRH,2016-06-30,1.8601041666666667
SRH,2016-07-01,2.0169791666666668
SRH,2016-07-02,1.9981052631578948
SRH,2016-07-03,2.0261458333333335
SRH,2016-07-04,2.0094791666666665
SRH,2016-07-05,2.0516666666666667
SRH,2016-07-06,2.0105208333333335
SRH,2016-07-07,1.93
SRH,2016-07-08,1.8784375
SRH,2016-07-09,1.8538541666666666
SRH,2016-07-10,2.033684210526316
SRH,2016-07-11,2.0989583333333335
SRH,2016-07-12,2.1158333333333332
SRH,2016-07-13,2.100625
SRH,2016-07-14,2.046666666666667
SRH,2016-07-15,1.9463333333333332
SRH,2016-07-16,1.8527368421052632
SRH,2016-07-17,1.7891666666666666
SRH,2016-07-18,1.73375
SRH,2016-07-19,1.7058947368421054
SRH,2016-07-20,1.6691666666666667
SRH,2016-07-21,1.4063157894736842
SRH,2016-07-22,1.3458333333333334
SRH,2016-07-23,1.3754166666666667
SRH,2016-07-24,1.3903125
SRH,2016-07-25,1.3533684210526316
SRH,2016-07-26,1.431578947368421
SRH,2016-07-27,1.4639583333333333
SRH,2016-07-28,1.4165625
SRH,2016-07-29,1.4280208333333333
SRH,2016-07-30,1.4096875
SRH,2016-07-31,1.5280208333333334
SRH,2016-08-01,1.5551041666666667
SRH,2016-08-02,1.5380208333333334
SRH,2016-08-03,1.5386458333333333
SRH,2016-08-04,1.5760416666666666
SRH,2016-08-05,1.5613541666666666
SRH,2016-08-06,1.5044791666666666
SRH,2016-08-07,1.474375
SRH,2016-08-08,1.5284375
SRH,2016-08-09,1.5314893617021277
SRH,2016-08-10,1.4836458333333333
SRH,2016-08-11,1.4767708333333334
SRH,2016-08-12,1.4856842105263157
SRH,2016-08-13,1.5106315789473683
SRH,2016-08-14,1.434736842105263
SRH,2016-08-15,1.4346315789473685
SRH,2016-08-16,1.325625
SRH,2016-08-17,1.2894791666666667
SRH,2016-08-18,1.2638541666666667
SRH,2016-08-19,1.2341666666666666
SRH,2016-08-20,1.2570833333333333
SRH,2016-08-21,1.215625
SRH,2016-08-22,1.2354166666666666
SRH,2016-08-23,1.2310526315789474
SRH,2016-08-24,1.2286315789473685
SRH,2016-08-25,1.2239583333333333
SRH,2016-08-26,1.1702083333333333
SRH,2016-08-27,1.1503125
SRH,2016-08-28,1.2283333333333333
SRH,2016-08-29,1.2317708333333333
SRH,2016-08-30,1.215
SRH,2016-08-31,1.2248958333333333
SRH,2016-09-01,1.2945833333333334
SRH,2016-09-02,1.3832631578947368
SRH,2016-09-03,1.3757291666666667
SRH,2016-09-04,1.3769791666666666
SRH,2016-09-05,1.39125
SRH,2016-09-06,1.3207291666666667
SRH,2016-09-07,1.2422916666666666
SRH,2016-09-08,1.22875
SRH,2016-09-09,1.2797894736842106
SRH,2016-09-10,1.235625
SRH,2016-09-11,1.1805208333333332
SRH,2016-09-12,1.1394791666666666
SRH,2016-09-13,1.1048958333333334
SRH,2016-09-14,1.0885263157894738
SRH,2016-09-15,1.0890625
SRH,2016-09-16,1.0994791666666666
SRH,2016-09-17,1.1394736842105264
SRH,2016-09-18,1.162340425531915
SRH,2016-09-19,1.1797872340425533
SRH,2016-09-20,1.1251612903225807
SRH,2016-09-21,1.0426041666666668
SRH,2016-09-22,1.0023958333333334
SRH,2016-09-23,1.0038947368421052
SRH,2016-09-24,0.9741666666666666
SRH,2016-09-25,0.9361052631578948
SRH,2016-09-26,0.9620212765957447
SRH,2016-09-27,1.0583157894736843
SRH,2016-09-28,0.990625
SRH,2016-09-29,1.0001041666666666
SRH,2016-09-30,1.0613541666666666
SRH,2016-10-01,1.1016666666666666
SRH,2016-10-02,1.0677083333333333
SRH,2016-10-03,1.1164583333333333
SRH,2016-10-04,1.003125
SRH,2016-10-05,0.9964583333333333
SRH,2016-10-06,1.0919791666666667
SRH,2016-10-07,1.0238947368421052
SRH,2016-10-08,1.0873684210526315
SRH,2016-10-09,1.0914583333333334
SRH,2016-10-10,1.1610416666666667
SRH,2016-10-11,1.1622916666666667
SRH,2016-10-12,1.1395833333333334
SRH,2016-10-13,1.11875
SRH,2016-10-14,1.2383333333333333
SRH,2016-10-15,1.2790625
SRH,2016-10-16,1.2967708333333334
SRH,2016-10-17,1.3069791666666666
SRH,2016-10-18,1.3186170212765957
SRH,2016-10-19,1.2253125
SRH,2016-10-20,1.2389473684210526
SRH,2016-10-21,1.1329347826086957
SRH,2016-10-22,1.1925531914893617
SRH,2016-10-23,1.18752688172043
SRH,2016-10-24,1.2427368421052631
SRH,2016-10-25,1.1698947368421053
SRH,2016-10-26,1.0753125000000001
SRH,2016-10-27,1.1266315789473684
SRH,2016-10-28,1.1332291666666667
SRH,2016-10-29,1.5177083333333334
SRH,2016-10-30,1.6636458333333333
SRH,2016-10-31,1.8873404255319148
SRH,2016-11-01,1.8211458333333332
SRH,2016-11-02,1.8101041666666666
SRH,2016-11-03,2.0223958333333334
SRH,2016-11-04,1.8452083333333333
SRH,2016-11-05,1.9377894736842105
SRH,2016-11-06,1.9496875
SRH,2016-11-07,1.6713541666666667
SRH,2016-11-08,1.3954166666666667
SRH,2016-11-09,1.1715957446808511
SRH,2016-11-10,1.1446808510638298
SRH,2016-11-11,1.1582105263157894
SRH,2016-11-12,1.195625
SRH,2016-11-13,1.1778125
SRH,2016-11-14,1.1701041666666667
SRH,2016-11-15,1.1854166666666666
SRH,2016-11-16,1.1589583333333333
SRH,2016-11-17,1.166842105263158
SRH,2016-11-18,1.1561458333333334
SRH,2016-11-19,1.2275
SRH,2016-11-20,1.2042105263157894
SRH,2016-11-21,1.2298958333333334
SRH,2016-11-22,1.64
SRH,2016-11-23,2.1485416666666666
SRH,2016-11-24,2.9536458333333333
SRH,2016-11-25,3.0297916666666667
SRH,2016-11-26,2.5734375
SRH,2016-11-27,2.068229166666667
SRH,2016-11-28,1.9867708333333334
SRH,2016-11-29,2.140625
SRH,2016-11-30,2.017708333333333
SRH,2016-12-01,2.1002083333333332
SRH,2016-12-02,2.1620833333333334
SRH,2016-12-03,1.956875
SRH,2016-12-04,1.7972916666666667
SRH,2016-12-05,1.7104166666666667
SRH,2016-12-06,1.6583333333333332
SRH,2016-12-07,1.6117708333333334
SRH,2016-12-08,1.6828125
SRH,2016-12-09,1.7170833333333333
SRH,2016-12-10,1.8325
SRH,2016-12-11,2.4315625
SRH,2016-12-12,3.8298958333333335
SRH,2016-12-13,4.130729166666667
SRH,2016-12-14,3.6214583333333334
SRH,2016-12-15,3.5976041666666667
SRH,2016-12-16,3.917263157894737
SRH,2016-12-17,3.1946875
SRH,2016-12-18,3.13875
SRH,2016-12-19,3.3070833333333334
SRH,2016-12-20,2.834
SRH,2016-12-21,2.4743749999999998
SRH,2016-12-22,2.2873958333333335
SRH,2016-12-23,2.3530208333333333
SRH,2016-12-24,2.2829166666666665
SRH,2016-12-25,2.255625
SRH,2016-12-26,2.1601041666666667
SRH,2016-12-27,2.2472916666666665
SRH,2016-12-28,2.161979166666667
SRH,2016-12-29,2.0640625
SRH,2016-12-30,2.0716666666666668
SRH,2016-12-31,2.138541666666667
SRH,2017-01-01,2.1734375
SRH,2017-01-02,2.1784375
SRH,2017-01-03,2.2108045977011495
SRH,2017-01-04,2.304895833333333
SRH,2017-01-05,2.4355208333333334
SRH,2017-01-06,2.305625
SRH,2017-01-07,2.591666666666667
SRH,2017-01-08,2.7079166666666667
SRH,2017-01-09,2.7044791666666668
SRH,2017-01-10,2.7942708333333335
SRH,2017-01-11,3.034842105263158
SRH,2017-01-12,2.7773958333333333
SRH,2017-01-13,2.441145833333333
SRH,2017-01-14,2.258541666666667
SRH,2017-01-15,2.3677083333333333
SRH,2017-01-16,2.1422916666666665
SRH,2017-01-17,1.945
SRH,2017-01-18,1.87125
SRH,2017-01-19,1.8470833333333334
SRH,2017-01-20,1.8296875
SRH,2017-01-21,1.8792708333333332
SRH,2017-01-22,2.003263157894737
SRH,2017-01-23,2.129583333333333
SRH,2017-01-24,2.0522916666666666
SRH,2017-01-25,2.0219791666666667
SRH,2017-01-26,2.04375
SRH,2017-01-27,1.930625
SRH,2017-01-28,1.7892708333333334
SRH,2017-01-29,1.7775
SRH,2017-01-30,1.7617708333333333
SRH,2017-01-31,1.8310416666666667
SRH,2017-02-01,1.8127368421052632
SRH,2017-02-02,1.6898947368421053
SRH,2017-02-03,1.6975
SRH,2017-02-04,1.74625
SRH,2017-02-05,1.7219791666666666
SRH,2017-02-06,1.7554166666666666
SRH,2017-02-07,1.6509375
SRH,2017-02-08,1.73125
SRH,2017-02-09,1.6672916666666666
SRH,2017-02-10,1.6536458333333333
SRH,2017-02-11,1.3391666666666666
SRH,2017-02-12,1.196875
SRH,2017-02-13,1.085625
SRH,2017-02-14,1.1335416666666667
SRH,2017-02-15,1.0785416666666667
SRH,2017-02-16,0.9821875
SRH,2017-02-17,0.93625
SRH,2017-02-18,1.0355208333333334
SRH,2017-02-19,1.0960416666666666
SRH,2017-02-20,1.0987500000000001
SRH,2017-02-21,1.3228125
SRH,2017-02-22,1.2910416666666666
SRH,2017-02-23,1.1789583333333333
SRH,2017-02-24,1.0192708333333333
SRH,2017-02-25,0.9814583333333333
SRH,2017-02-26,0.9251041666666666
SRH,2017-02-27,0.8352083333333333
SRH,2017-02-28,0.8646875
SRH,2017-03-01,1.3185416666666667
SRH,2017-03-02,1.5629166666666667
SRH,2017-03-03,1.6972916666666666
SRH,2017-03-04,1.8003125
SRH,2017-03-05,1.8764583333333333
SRH,2017-03-06,2.199375
SRH,2017-03-07,2.108645833333333
SRH,2017-03-08,2.0155208333333334
SRH,2017-03-09,1.9276041666666666
SRH,2017-03-10,1.8879166666666667
SRH,2017-03-11,1.9490625
SRH,2017-03-12,2.1010416666666667
SRH,2017-03-13,2.2569791666666665
SRH,2017-03-14,2.4178125
SRH,2017-03-15,2.516
SRH,2017-03-16,2.2985416666666665
SRH,2017-03-17,2.2114583333333333
SRH,2017-03-18,2.0320833333333335
SRH,2017-03-19,1.6632291666666668
SRH,2017-03-20,1.87625
SRH,2017-03-21,2.169583333333333
SRH,2017-03-22,2.3621875
SRH,2017-03-23,2.1276041666666665
SRH,2017-03-24,1.9819791666666666
SRH,2017-03-25,1.93875
SRH,2017-03-26,2.0790625
SRH,2017-03-27,2.1940625
SRH,2017-03-28,2.309375
SRH,2017-03-29,2.5107291666666667
SRH,2017-03-30,2.2908333333333335
SRH,2017-03-31,2.5884375
SRH,2017-04-01,2.859583333333333
SRH,2017-04-02,2.6003125
SRH,2017-04-03,3.5429166666666667
SRH,2017-04-04,4.587395833333333
SRH,2017-04-05,4.6646875
SRH,2017-04-06,4.5676041666666665
SRH,2017-04-07,4.140416666666667
SRH,2017-04-08,3.8234375
SRH,2017-04-09,2.5072916666666667
SRH,2017-04-10,2.7898947368421054
SRH,2017-04-11,3.288125
SRH,2017-04-12,2.73
SRH,2017-04-13,2.3513684210526318
SRH,2017-04-14,2.4667708333333334
SRH,2017-04-15,2.6494791666666666
SRH,2017-04-16,3.724479166666667
SRH,2017-04-17,4.000104166666667
SRH,2017-04-18,2.9378125
SRH,2017-04-19,2.4878125
SRH,2017-04-20,2.4101041666666667
SRH,2017-04-21,2.36125
SRH,2017-04-22,2.6397916666666665
SRH,2017-04-23,2.6166666666666667
SRH,2017-04-24,2.5529166666666665
SRH,2017-04-25,2.5351041666666667
SRH,2017-04-26,2.7391666666666667
SRH,2017-04-27,2.6944791666666665
SRH,2017-04-28,2.7330208333333332
SRH,2017-04-29,2.620625
SRH,2017-04-30,2.521354166666667
SRH,2017-05-01,2.579270833333333
SRH,2017-05-02,2.5471875
SRH,2017-05-03,2.9675
SRH,2017-05-04,2.9927083333333333
SRH,2017-05-05,2.9316666666666666
SRH,2017-05-06,2.7716666666666665
SRH,2017-05-07,2.994479166666667
SRH,2017-05-08,3.1680208333333333
SRH,2017-05-09,3.4953125
SRH,2017-05-10,2.7255208333333334
SRH,2017-05-11,1.8735416666666667
SRH,2017-05-12,1.3314583333333334
SRH,2017-05-13,1.4039583333333334
SRH,2017-05-14,1.565625
SRH,2017-05-15,1.8365624999999999
SRH,2017-05-16,1.9089583333333333
SRH,2017-05-17,2.1079166666666667
SRH,2017-05-18,1.9406315789473685
SRH,2017-05-19,1.8307291666666667
SRH,2017-05-20,1.9255208333333333
SRH,2017-05-21,2.1616666666666666
SRH,2017-05-22,2.116875
SRH,2017-05-23,1.918125
SRH,2017-05-24,1.9610416666666666
SRH,2017-05-25,1.8911458333333333
SRH,2017-05-26,1.8157291666666666
SRH,2017-05-27,1.9422916666666667
SRH,2017-05-28,2.0023958333333334
SRH,2017-05-29,1.9733333333333334
SRH,2017-05-30,1.9035416666666667
SRH,2017-05-31,1.898125
SRH,2017-06-01,1.9317708333333334
SRH,2017-06-02,2.109166666666667
SRH,2017-06-03,2.2
SRH,2017-06-04,1.975625
SRH,2017-06-05,1.9526041666666667
SRH,2017-06-06,2.0785416666666667
SRH,2017-06-07,2.102736842105263
SRH,2017-06-08,2.1807291666666666
SRH,2017-06-09,2.0609375
SRH,2017-06-10,1.9930208333333332
SRH,2017-06-11,2.1445833333333333
SRH,2017-06-12,2.119375
SRH,2017-06-13,2.041145833333333
SRH,2017-06-14,2.0871875
SRH,2017-06-15,2.2735416666666666
SRH,2017-06-16,2.3189583333333332
SRH,2017-06-17,2.306875
SRH,2017-06-18,2.4957291666666666
SRH,2017-06-19,2.604375
SRH,2017-06-20,2.620416666666667
SRH,2017-06-21,2.8257894736842104
SRH,2017-06-22,2.9370833333333333
SRH,2017-06-23,2.9150526315789476
SRH,2017-06-24,2.8178125
SRH,2017-06-25,2.6835416666666667
SRH,2017-06-26,2.51125
SRH,2017-06-27,2.502083333333333
SRH,2017-06-28,2.4965625
SRH,2017-06-29,2.5655208333333333
SRH,2017-06-30,2.593020833333333
SRH,2017-07-01,2.658333333333333
SRH,2017-07-02,2.718958333333333
SRH,2017-07-03,2.655104166666667
SRH,2017-07-04,2.8578125
SRH,2017-07-05,3.2228125
SRH,2017-07-06,3.113157894736842
SRH,2017-07-07,2.8610416666666665
SRH,2017-07-08,3.00125
SRH,2017-07-09,3.2044791666666668
SRH,2017-07-10,3.537916666666667
SRH,2017-07-11,3.8854166666666665
SRH,2017-07-12,4.096354166666667
SRH,2017-07-13,4.138541666666667
SRH,2017-07-14,3.793125
SRH,2017-07-15,3.4748958333333335
SRH,2017-07-16,3.197395833333333
SRH,2017-07-17,3.0321875
SRH,2017-07-18,2.7872916666666665
SRH,2017-07-19,2.8670526315789475
SRH,2017-07-20,2.8746875
SRH,2017-07-21,2.8126315789473684
SRH,2017-07-22,2.6853125
SRH,2017-07-23,2.5339583333333335
SRH,2017-07-24,2.4492708333333333
SRH,2017-07-25,2.4677083333333334
SRH,2017-07-26,2.4057291666666667
SRH,2017-07-27,2.3609375
SRH,2017-07-28,2.2434375
SRH,2017-07-29,2.1273958333333334
SRH,2017-07-30,2.0279166666666666
SRH,2017-07-31,1.9444210526315788
SRH,2017-08-01,1.8991666666666667
SRH,2017-08-02,1.9513541666666667
SRH,2017-08-03,2.0094791666666665
SRH,2017-08-04,2.0210416666666666
SRH,2017-08-05,1.8732291666666667
SRH,2017-08-06,1.8933333333333333
SRH,2017-08-07,1.9347916666666667
SRH,2017-08-08,1.975
SRH,2017-08-09,1.9915625
SRH,2017-08-10,2.0155208333333334
SRH,2017-08-11,2.0653125
SRH,2017-08-12,2.058333333333333
SRH,2017-08-13,2.0725
SRH,2017-08-14,1.9342708333333334
SRH,2017-08-15,1.8651041666666666
SRH,2017-08-16,1.9073958333333334
SRH,2017-08-17,1.8760416666666666
SRH,2017-08-18,1.8280208333333332
SRH,2017-08-19,1.7358333333333333
SRH,2017-08-20,1.6619791666666666
SRH,2017-08-21,1.5871875
SRH,2017-08-22,1.613076923076923
SRH,2017-08-24,2.2885
SRH,2017-08-25,2.1717708333333334
SRH,2017-08-26,2.156875
SRH,2017-08-27,2.119270833333333
SRH,2017-08-28,2.0883333333333334
SRH,2017-08-29,1.9623958333333333
SRH,2017-08-30,2.0079166666666666
SRH,2017-08-31,2.091458333333333
SRH,2017-09-01,2.1634375
SRH,2017-09-02,2.1557291666666667
SRH,2017-09-03,2.1460416666666666
SRH,2017-09-04,1.9553125
SRH,2017-09-05,1.821875
SRH,2017-09-06,1.8914583333333332
SRH,2017-09-07,2.0016666666666665
SRH,2017-09-08,1.8798958333333333
SRH,2017-09-09,1.9805208333333333
SRH,2017-09-10,2.014479166666667
SRH,2017-09-11,2.0979166666666664
SRH,2017-09-12,2.0837499999999998
SRH,2017-09-13,2.0159375
SRH,2017-09-14,2.0075
SRH,2017-09-15,1.9577894736842105
SRH,2017-09-16,1.96625
SRH,2017-09-17,1.9096875
SRH,2017-09-18,1.923125
SRH,2017-09-19,1.9043157894736842
SRH,2017-09-20,1.726875
SRH,2017-09-21,1.598421052631579
SRH,2017-09-22,1.5490625
SRH,2017-09-23,1.5766666666666667
SRH,2017-09-24,1.4841666666666666
SRH,2017-09-25,1.3458333333333334
SRH,2017-09-26,1.2481052631578948
SRH,2017-09-27,1.3677894736842104
SRH,2017-09-28,1.3538947368421053
SRH,2017-09-29,1.362127659574468
SRH,2017-09-30,1.3615625
SRH,2017-10-01,1.3374736842105264
SRH,2017-10-02,1.4519791666666666
SRH,2017-10-03,1.4991666666666668
SRH,2017-10-04,1.4377083333333334
SRH,2017-10-05,1.4784375
SRH,2017-10-06,1.5954166666666667
SRH,2017-10-07,1.4569791666666667
SRH,2017-10-08,1.4395833333333334
SRH,2017-10-09,1.4636842105263157
SRH,2017-10-10,1.6034736842105264
SRH,2017-10-11,1.6045833333333333
SRH,2017-10-12,1.5541666666666667
SRH,2017-10-13,1.5971875
SRH,2017-10-14,1.7098958333333334
SRH,2017-10-15,1.8280208333333334
SRH,2017-10-16,1.788723404255319
SRH,2017-10-17,1.6676842105263159
SRH,2017-10-18,1.6627083333333332
SRH,2017-10-19,1.6542708333333334
SRH,2017-10-20,1.611875
SRH,2017-10-21,1.4685416666666666
SRH,2017-10-22,1.4426315789473685
SRH,2017-10-23,1.4404166666666667
SRH,2017-10-24,1.3936458333333333
SRH,2017-10-25,1.3384375
SRH,2017-10-26,1.4195833333333334
SRH,2017-10-27,1.6051041666666668
SRH,2017-10-28,1.658279569892473
SRH,2017-10-29,1.5232631578947369
SRH,2017-10-30,1.5386458333333333
SRH,2017-10-31,1.4468478260869566
SRH,2017-11-01,1.3853846153846154
SRH,2017-11-02,1.404842105263158
SRH,2017-11-03,1.305625
SRH,2017-11-04,1.270625
SRH,2017-11-05,1.2472916666666667
SRH,2017-11-06,1.28125
SRH,2017-11-07,1.3171875
SRH,2017-11-08,1.3801041666666667
SRH,2017-11-09,1.468
SRH,2017-11-10,1.385625
SRH,2017-11-11,1.4083333333333332
SRH,2017-11-12,1.5776041666666667
SRH,2017-11-13,1.7552631578947369
SRH,2017-11-14,1.6690425531914894
SRH,2017-11-15,1.7087234042553192
SRH,2017-11-16,1.7585416666666667
SRH,2017-11-17,1.9276041666666666
SRH,2017-11-18,2.345625
SRH,2017-11-19,2.3326041666666666
SRH,2017-11-20,2.321875
SRH,2017-11-21,2.516875
SRH,2017-11-22,2.5322916666666666
SRH,2017-11-23,2.629375
SRH,2017-11-24,2.4921875
SRH,2017-11-25,2.373473684210526
SRH,2017-11-26,2.458125
SRH,2017-11-27,2.376145833333333
SRH,2017-11-28,2.45375
SRH,2017-11-29,2.581354166666667
SRH,2017-11-30,2.747708333333333
SRH,2017-12-01,2.7138541666666667
SRH,2017-12-02,2.543125
SRH,2017-12-03,2.439375
SRH,2017-12-04,2.4782291666666665
SRH,2017-12-05,2.5304166666666665
SRH,2017-12-06,2.5533333333333332
SRH,2017-12-07,2.4917708333333333
SRH,2017-12-08,2.4457291666666667
SRH,2017-12-09,2.3707291666666666
SRH,2017-12-10,2.318229166666667
SRH,2017-12-11,2.3716666666666666
SRH,2017-12-12,2.552395833333333
SRH,2017-12-13,2.6332631578947368
SRH,2017-12-14,2.708125
SRH,2017-12-15,2.7767708333333334
SRH,2017-12-16,2.9029166666666666
SRH,2017-12-17,3.1567708333333333
SRH,2017-12-18,3.2569791666666665
SRH,2017-12-19,3.348125
SRH,2017-12-20,3.1972916666666666
SRH,2017-12-21,2.8895833333333334
SRH,2017-12-22,3.0863541666666667
SRH,2017-12-23,3.079270833333333
SRH,2017-12-24,3.1533333333333333
SRH,2017-12-25,2.984375
SRH,2017-12-26,2.7396875
SRH,2017-12-27,2.7792708333333334
SRH,2017-12-28,2.887157894736842
SRH,2017-12-29,2.7792708333333334
SRH,2017-12-30,2.8372916666666668
SRH,2017-12-31,2.8769791666666666
SRH,2018-01-01,2.906875
SRH,2018-01-02,2.7420833333333334
SRH,2018-01-03,2.732842105263158
SRH,2018-01-04,2.685416666666667
SRH,2018-01-05,2.693125
SRH,2018-01-06,2.6080208333333332
SRH,2018-01-07,3.3529166666666668
SRH,2018-01-08,4.069263157894737
SRH,2018-01-09,4.648020833333334
SRH,2018-01-10,5.793263157894737
SRH,2018-01-11,6.159583333333333
SRH,2018-01-12,5.895833333333333
SRH,2018-01-13,4.830208333333333
SRH,2018-01-14,4.371145833333333
SRH,2018-01-15,3.8720833333333333
SRH,2018-01-16,3.7328125
SRH,2018-01-17,3.7929166666666667
SRH,2018-01-18,3.7564583333333332
SRH,2018-01-19,3.8032291666666667
SRH,2018-01-20,4.164479166666666
SRH,2018-01-21,4.423854166666667
SRH,2018-01-22,5.136458333333334
SRH,2018-01-23,4.349479166666667
SRH,2018-01-24,3.0460416666666665
SRH,2018-01-25,2.618333333333333
SRH,2018-01-26,2.644375
SRH,2018-01-27,2.5282291666666667
SRH,2018-01-28,2.556770833333333
SRH,2018-01-29,2.578901098901099
SRH,2018-01-30,2.376145833333333
SRH,2018-01-31,2.35875
SRH,2018-02-01,2.3895833333333334
SRH,2018-02-02,2.4998958333333334
SRH,2018-02-03,2.725
SRH,2018-02-04,2.8189583333333332
SRH,2018-02-05,2.8080208333333334
SRH,2018-02-06,2.8695833333333334
SRH,2018-02-07,3.1244791666666667
SRH,2018-02-08,3.2626041666666667
SRH,2018-02-09,3.0776041666666667
SRH,2018-02-10,3.0654166666666667
SRH,2018-02-11,3.0839583333333334
SRH,2018-02-12,3.08625
SRH,2018-02-13,2.9578125
SRH,2018-02-14,2.884375
SRH,2018-02-15,2.7020833333333334
SRH,2018-02-16,2.654
SRH,2018-02-17,2.670729166666667
SRH,2018-02-18,2.622916666666667
SRH,2018-02-19,2.586875
SRH,2018-02-20,2.5215625
SRH,2018-02-21,2.4922916666666666
SRH,2018-02-22,2.4859375
SRH,2018-02-23,2.5316666666666667
SRH,2018-02-24,2.7534375
SRH,2018-02-25,2.5729473684210524
SRH,2018-02-26,2.6051041666666666
SRH,2018-02-27,2.53875
SRH,2018-02-28,2.6389583333333335
SRH,2018-03-01,2.6142708333333333
SRH,2018-03-02,2.75125
SRH,2018-03-03,3.3627083333333334
SRH,2018-03-04,4.004166666666666
SRH,2018-03-05,3.601875
SRH,2018-03-06,3.3664583333333336
SRH,2018-03-07,3.1044791666666667
SRH,2018-03-08,2.6297916666666667
SRH,2018-03-09,2.3491666666666666
SRH,2018-03-10,2.520625
SRH,2018-03-11,2.4258333333333333
SRH,2018-03-12,2.6734375
SRH,2018-03-13,2.656041666666667
SRH,2018-03-14,2.3621875
SRH,2018-03-15,3.41125
SRH,2018-03-16,3.84125
SRH,2018-03-17,4.466145833333333
SRH,2018-03-18,3.5934375
SRH,2018-03-19,2.849375
SRH,2018-03-20,2.7183333333333333
SRH,2018-03-21,2.3054166666666664
SRH,2018-03-22,2.5225
SRH,2018-03-23,2.6533333333333333
SRH,2018-03-24,2.3766666666666665
SRH,2018-03-25,2.343020833333333
SRH,2018-03-26,2.609375
SRH,2018-03-27,3.3663541666666665
SRH,2018-03-28,2.614895833333333
SRH,2018-03-29,2.1703125
SRH,2018-03-30,2.2764583333333333
SRH,2018-03-31,2.1465625
SRH,2018-04-01,2.1278125
SRH,2018-04-02,2.4404166666666667
SRH,2018-04-03,2.4921875
SRH,2018-04-04,2.894375
SRH,2018-04-05,2.6175
SRH,2018-04-06,2.1416666666666666
SRH,2018-04-07,1.3061458333333333
SRH,2018-04-08,0.8726041666666666
SRH,2018-04-09,1.2722916666666666
SRH,2018-04-10,2.5725
SRH,2018-04-11,2.4303125
SRH,2018-04-12,1.6469791666666667
SRH,2018-04-13,1.303125
SRH,2018-04-14,1.3036458333333334
SRH,2018-04-15,1.4761458333333333
SRH,2018-04-16,1.6069791666666666
SRH,2018-04-17,1.64
SRH,2018-04-18,1.8255208333333333
SRH,2018-04-19,1.9332291666666668
SRH,2018-04-20,2.0797916666666665
SRH,2018-04-21,2.273645833333333
SRH,2018-04-22,2.445
SRH,2018-04-23,2.4994791666666667
SRH,2018-04-24,3.0596875
SRH,2018-04-25,4.583125
SRH,2018-04-26,7.5988541666666665
SRH,2018-04-27,9.0675
SRH,2018-04-28,5.8875
SRH,2018-04-29,4.410208333333333
SRH,2018-04-30,3.6020833333333333
SRH,2018-05-01,3.553541666666667
SRH,2018-05-02,3.7434375
SRH,2018-05-03,3.9205208333333332
SRH,2018-05-04,3.62875
SRH,2018-05-05,2.81375
SRH,2018-05-06,2.2572916666666667
SRH,2018-05-07,2.128229166666667
SRH,2018-05-08,2.095833333333333
SRH,2018-05-09,2.1891666666666665
SRH,2018-05-10,2.4922916666666666
SRH,2018-05-11,2.84125
SRH,2018-05-12,2.7560416666666665
SRH,2018-05-13,2.8508333333333336
SRH,2018-05-14,3.000208333333333
SRH,2018-05-15,2.9414583333333333
SRH,2018-05-16,2.6748958333333333
SRH,2018-05-17,2.1127083333333334
SRH,2018-05-18,2.0417708333333335
SRH,2018-05-19,2.16125
SRH,2018-05-20,2.244479166666667
SRH,2018-05-21,1.9289583333333333
SRH,2018-05-22,1.8751041666666666
SRH,2018-05-23,1.7878125
SRH,2018-05-24,1.5630208333333333
SRH,2018-05-25,1.5036458333333333
SRH,2018-05-26,1.2947916666666668
SRH,2018-05-27,1.3338541666666666
SRH,2018-05-28,1.3808333333333334
SRH,2018-05-29,1.2895833333333333
SRH,2018-05-30,1.1861458333333332
SRH,2018-05-31,1.3923958333333333
SRH,2018-06-01,1.675625
SRH,2018-06-02,1.7496875
SRH,2018-06-03,1.7840624999999999
SRH,2018-06-04,1.7396808510638297
SRH,2018-06-05,1.7579166666666666
SRH,2018-06-06,1.7288541666666666
SRH,2018-06-07,1.7514736842105263
SRH,2018-06-08,1.7209375
SRH,2018-06-09,1.725
SRH,2018-06-10,1.7497916666666666
SRH,2018-06-11,1.7183333333333333
SRH,2018-06-12,1.6510416666666667
SRH,2018-06-13,1.5430208333333333
SRH,2018-06-14,1.5358333333333334
SRH,2018-06-15,1.5769791666666666
SRH,2018-06-16,1.6338541666666666
SRH,2018-06-17,1.7423958333333334
SRH,2018-06-18,1.5955208333333333
SRH,2018-06-19,1.5036458333333333
SRH,2018-06-20,1.4313541666666667
SRH,2018-06-21,1.3732291666666667
SRH,2018-06-22,1.4246875
SRH,2018-06-23,1.3707291666666666
SRH,2018-06-24,1.3421875
SRH,2018-06-25,1.3571875
SRH,2018-06-26,1.3953125
SRH,2018-06-27,1.3923958333333333
SRH,2018-06-28,1.3510416666666667
SRH,2018-06-29,1.298125
SRH,2018-06-30,1.226875
SRH,2018-07-01,1.1977083333333334
SRH,2018-07-02,1.1469791666666667
SRH,2018-07-03,1.4194791666666666
SRH,2018-07-04,1.590625
SRH,2018-07-05,1.6383333333333334
SRH,2018-07-06,1.6315625
SRH,2018-07-07,1.4171875
SRH,2018-07-08,1.36625
SRH,2018-07-09,1.38
SRH,2018-07-10,1.3638541666666666
SRH,2018-07-11,1.4071875
SRH,2018-07-12,1.4109375
SRH,2018-07-13,1.6126041666666666
SRH,2018-07-14,1.5558333333333334
SRH,2018-07-15,1.5539583333333333
SRH,2018-07-16,1.5601041666666666
SRH,2018-07-17,1.6591666666666667
SRH,2018-07-18,1.7154166666666666
SRH,2018-07-19,1.6360416666666666
SRH,2018-07-20,1.6217708333333334
SRH,2018-07-21,1.5542708333333333
SRH,2018-07-22,1.6121875
SRH,2018-07-23,1.5673958333333333
SRH,2018-07-24,1.5291666666666666
SRH,2018-07-25,1.5129166666666667
SRH,2018-07-26,1.3391666666666666
SRH,2018-07-27,1.31
SRH,2018-07-28,1.3082291666666666
SRH,2018-07-29,1.3885416666666666
SRH,2018-07-30,1.3529166666666668
SRH,2018-07-31,1.3219791666666667
SRH,2018-08-01,1.3191666666666666
SRH,2018-08-02,1.404375
SRH,2018-08-03,1.3797916666666667
SRH,2018-08-04,1.3628125
SRH,2018-08-05,1.4236458333333333
SRH,2018-08-06,1.4539583333333332
SRH,2018-08-07,1.4548958333333333
SRH,2018-08-08,1.4641666666666666
SRH,2018-08-09,1.4104166666666667
SRH,2018-08-10,1.3996875
SRH,2018-08-11,1.4011458333333333
SRH,2018-08-12,1.35625
SRH,2018-08-13,1.3339583333333334
SRH,2018-08-14,1.34375
SRH,2018-08-15,1.3098958333333333
SRH,2018-08-16,1.2777083333333332
SRH,2018-08-17,1.1302083333333333
SRH,2018-08-18,1.1642708333333334
SRH,2018-08-19,1.1779166666666667
SRH,2018-08-20,1.2636458333333334
SRH,2018-08-21,1.2714583333333334
SRH,2018-08-22,1.30875
SRH,2018-08-23,1.2552083333333333
SRH,2018-08-24,1.2690625
SRH,2018-08-25,1.2997916666666667
SRH,2018-08-26,1.2654166666666666
SRH,2018-08-27,1.2732291666666666
SRH,2018-08-28,1.2077083333333334
SRH,2018-08-29,1.1953125
SRH,2018-08-30,1.0258333333333334
SRH,2018-08-31,0.9329166666666666
SRH,2018-09-01,0.9359375
SRH,2018-09-02,0.94625
SRH,2018-09-03,0.9110416666666666
SRH,2018-09-04,0.9778125
SRH,2018-09-05,0.9088541666666666
SRH,2018-09-06,0.9660416666666667
SRH,2018-09-07,0.9154166666666667
SRH,2018-09-08,0.9777083333333333
SRH,2018-09-09,0.9325
SRH,2018-09-10,0.9346875
SRH,2018-09-11,0.9120833333333334
SRH,2018-09-12,0.9325
SRH,2018-09-13,0.9170833333333334
SRH,2018-09-14,0.9872916666666667
SRH,2018-09-15,0.9448958333333334
SRH,2018-09-16,1.010842105263158
SRH,2018-09-17,1.0198958333333334
SRH,2018-09-18,0.9644791666666667
SRH,2018-09-19,0.9015625
SRH,2018-09-20,1.0190625
SRH,2018-09-21,1.0321875
SRH,2018-09-22,0.9782291666666667
SRH,2018-09-23,0.9396875
SRH,2018-09-24,0.9059375
SRH,2018-09-25,0.8483333333333334
SRH,2018-09-26,0.8380208333333333
SRH,2018-09-27,0.9260416666666667
SRH,2018-09-28,0.9912500000000001
SRH,2018-09-29,1.0603125
SRH,2018-09-30,1.0234375
SRH,2018-10-01,1.0325
SRH,2018-10-02,1.0198958333333334
SRH,2018-10-03,0.9764583333333333
SRH,2018-10-04,0.99875
SRH,2018-10-05,0.9796875
SRH,2018-10-06,1.0229166666666667
SRH,2018-10-07,1.08875
SRH,2018-10-08,1.0155208333333334
SRH,2018-10-09,1.0003125
SRH,2018-10-10,0.9909375
SRH,2018-10-11,1.0327083333333333
SRH,2018-10-12,1.0617708333333333
SRH,2018-10-13,1.0484375
SRH,2018-10-14,1.0311458333333334
SRH,2018-10-15,1.0244791666666666
SRH,2018-10-16,0.9942708333333333
SRH,2018-10-17,0.9946875000000001
SRH,2018-10-18,1.0060416666666667
SRH,2018-10-19,1.0258947368421052
SRH,2018-10-20,1.0652083333333333
SRH,2018-10-21,1.0830208333333333
SRH,2018-10-22,1.101720430107527
SRH,2018-10-23,1.18375
SRH,2018-10-24,1.2823958333333334
SRH,2018-10-25,1.0723958333333334
SRH,2018-10-26,1.0911458333333333
SRH,2018-10-27,1.1419791666666668
SRH,2018-10-28,1.1204166666666666
SRH,2018-10-29,1.2286315789473685
SRH,2018-10-30,1.226875
SRH,2018-10-31,1.2619791666666667
SRH,2018-11-01,1.2907368421052632
SRH,2018-11-02,1.3019791666666667
SRH,2018-11-03,1.3921875
SRH,2018-11-04,1.449375
SRH,2018-11-05,1.3908333333333334
SRH,2018-11-06,1.4438541666666667
SRH,2018-11-07,1.4182291666666667
SRH,2018-11-08,1.4226041666666667
SRH,2018-11-09,1.44625
SRH,2018-11-10,1.4208333333333334
SRH,2018-11-11,1.4690625
SRH,2018-11-12,1.4845833333333334
SRH,2018-11-13,1.5094791666666667
SRH,2018-11-14,1.5333333333333334
SRH,2018-11-15,1.5802083333333334
SRH,2018-11-16,1.6259375
SRH,2018-11-17,1.7285416666666666
SRH,2018-11-18,1.7983333333333333
SRH,2018-11-19,1.92375
SRH,2018-11-20,2.053958333333333
SRH,2018-11-21,2.3930208333333334
SRH,2018-11-22,2.7215625
SRH,2018-11-23,3.433854166666667
SRH,2018-11-24,3.5409375
SRH,2018-11-25,3.3766666666666665
SRH,2018-11-26,3.1528125
SRH,2018-11-27,3.058333333333333
SRH,2018-11-28,2.755
SRH,2018-11-29,2.4888541666666666
SRH,2018-11-30,2.723333333333333
SRH,2018-12-01,3.108229166666667
SRH,2018-12-02,3.60875
SRH,2018-12-03,3.4269791666666665
SRH,2018-12-04,3.2460416666666667
SRH,2018-12-05,3.124375
SRH,2018-12-06,2.8052083333333333
SRH,2018-12-07,2.316875
SRH,2018-12-08,2.0844791666666667
SRH,2018-12-09,2.0117708333333333
SRH,2018-12-10,1.9103125
SRH,2018-12-11,1.8201041666666666
SRH,2018-12-12,1.7411458333333334
SRH,2018-12-13,1.7117708333333332
SRH,2018-12-14,1.7516666666666667
SRH,2018-12-15,1.649375
SRH,2018-12-16,1.706875
SRH,2018-12-17,1.6636458333333333
SRH,2018-12-18,2.0677083333333335
SRH,2018-12-19,3.14875
SRH,2018-12-20,4.2101041666666665
SRH,2018-12-21,3.96375
SRH,2018-12-22,3.304479166666667
SRH,2018-12-23,2.7034375
SRH,2018-12-24,2.333854166666667
SRH,2018-12-25,2.1258333333333335
SRH,2018-12-26,2.1469791666666667
SRH,2018-12-27,2.6363541666666666
SRH,2018-12-28,2.8916666666666666
SRH,2018-12-29,3.0947916666666666
SRH,2018-12-30,2.8178125
SRH,2018-12-31,2.494375
